case,high_segments,low_segments,y_min_segments,x_max_segments,y_max_segments,x_min_segments,total_segments
0,0,0,0,0,0,0,0
1,2,2,2,0,0,2,8
2,3,0,3,0,0,0,6
3,4,2,2,0,0,2,10
4,1,1,2,2,0,0,6
5,3,2,3,2,0,2,12
6,3,1,2,2,0,0,8
7,4,2,0,2,0,2,10
8,3,0,0,0,0,3,6
9,4,2,2,0,0,2,10
10,6,0,3,0,0,3,12
11,6,2,2,0,0,2,12
12,4,1,2,2,0,3,12
13,5,2,3,2,0,2,14
14,6,1,2,2,0,3,14
15,6,2,0,2,0,2,12
16,6,0,0,0,0,0,6
17,6,2,2,0,0,2,12
18,7,0,3,0,0,0,10
19,6,2,2,0,0,2,12
20,7,1,2,2,0,0,12
21,7,2,3,2,0,2,16
22,7,1,2,2,0,0,12
23,6,2,0,2,0,2,12
24,7,0,0,0,0,3,10
25,6,2,2,0,0,2,12
26,8,0,3,0,0,3,14
27,6,2,2,0,0,2,12
28,8,1,2,2,0,3,16
29,7,2,3,2,0,2,16
30,8,1,2,2,0,3,16
31,6,2,0,2,0,2,12
32,3,0,0,3,0,0,6
33,5,2,2,3,0,2,14
34,4,0,3,3,0,0,10
35,5,2,2,3,0,2,14
36,3,1,2,2,0,0,8
37,5,2,3,2,0,2,14
38,3,1,2,2,0,0,8
39,4,2,0,2,0,2,10
40,6,0,0,3,0,3,12
41,7,2,2,3,0,2,16
42,7,0,3,3,0,3,16
43,7,2,2,3,0,2,16
44,6,1,2,2,0,3,14
45,7,2,3,2,0,2,16
46,6,1,2,2,0,3,14
47,6,2,0,2,0,2,12
48,7,0,0,3,0,0,10
49,7,2,2,3,0,2,16
50,6,0,3,3,0,0,12
51,5,2,2,3,0,2,14
52,7,1,2,2,0,0,12
53,7,2,3,2,0,2,16
54,5,1,2,2,0,0,10
55,4,2,0,2,0,2,10
56,8,0,0,3,0,3,14
57,7,2,2,3,0,2,16
58,7,0,3,3,0,3,16
59,5,2,2,3,0,2,14
60,8,1,2,2,0,3,16
61,7,2,3,2,0,2,16
62,6,1,2,2,0,3,14
63,4,2,0,2,0,2,10
64,1,1,0,0,2,2,6
65,3,2,2,0,2,3,12
66,4,1,3,0,2,2,12
67,5,2,2,0,2,3,14
68,2,2,2,2,2,2,12
69,4,2,3,2,2,3,16
70,4,2,2,2,2,2,14
71,5,2,0,2,2,3,14
72,3,1,0,0,2,2,8
73,4,2,2,0,2,0,10
74,6,1,3,0,2,2,14
75,6,2,2,0,2,0,12
76,4,2,2,2,2,2,14
77,5,2,3,2,2,0,14
78,6,2,2,2,2,2,16
79,6,2,0,2,2,0,12
80,7,1,0,0,2,2,12
81,7,2,2,0,2,3,16
82,8,1,3,0,2,2,16
83,7,2,2,0,2,3,16
84,8,2,2,2,2,2,18
85,8,2,3,2,2,3,20
86,8,2,2,2,2,2,18
87,7,2,0,2,2,3,16
88,7,1,0,0,2,2,12
89,6,2,2,0,2,0,12
90,8,1,3,0,2,2,16
91,6,2,2,0,2,0,12
92,8,2,2,2,2,2,18
93,7,2,3,2,2,0,16
94,8,2,2,2,2,2,18
95,6,2,0,2,2,0,12
96,4,1,0,3,2,2,12
97,6,2,2,3,2,3,18
98,5,1,3,3,2,2,16
99,6,2,2,3,2,3,18
100,4,2,2,2,2,2,14
101,6,2,3,2,2,3,18
102,4,2,2,2,2,2,14
103,5,2,0,2,2,3,14
104,6,1,0,3,2,2,14
105,7,2,2,3,2,0,16
106,7,1,3,3,2,2,18
107,7,2,2,3,2,0,16
108,6,2,2,2,2,2,16
109,7,2,3,2,2,0,16
110,6,2,2,2,2,2,16
111,6,2,0,2,2,0,12
112,8,1,0,3,2,2,16
113,8,2,2,3,2,3,20
114,7,1,3,3,2,2,18
115,6,2,2,3,2,3,18
116,8,2,2,2,2,2,18
117,8,2,3,2,2,3,20
118,6,2,2,2,2,2,16
119,5,2,0,2,2,3,14
120,8,1,0,3,2,2,16
121,7,2,2,3,2,0,16
122,7,1,3,3,2,2,18
123,5,2,2,3,2,0,14
124,8,2,2,2,2,2,18
125,7,2,3,2,2,0,16
126,6,2,2,2,2,2,16
127,4,2,0,2,2,0,10
128,3,0,0,0,3,0,6
129,5,2,2,0,3,2,14
130,6,0,3,0,3,0,12
131,7,2,2,0,3,2,16
132,4,1,2,2,3,0,12
133,6,2,3,2,3,2,18
134,6,1,2,2,3,0,14
135,7,2,0,2,3,2,16
136,4,0,0,0,3,3,10
137,5,2,2,0,3,2,14
138,7,0,3,0,3,3,16
139,7,2,2,0,3,2,16
140,5,1,2,2,3,3,16
141,6,2,3,2,3,2,18
142,7,1,2,2,3,3,18
143,7,2,0,2,3,2,16
144,7,0,0,0,3,0,10
145,7,2,2,0,3,2,16
146,8,0,3,0,3,0,14
147,7,2,2,0,3,2,16
148,8,1,2,2,3,0,16
149,8,2,3,2,3,2,20
150,8,1,2,2,3,0,16
151,7,2,0,2,3,2,16
152,6,0,0,0,3,3,12
153,5,2,2,0,3,2,14
154,7,0,3,0,3,3,16
155,5,2,2,0,3,2,14
156,7,1,2,2,3,3,18
157,6,2,3,2,3,2,18
158,7,1,2,2,3,3,18
159,5,2,0,2,3,2,14
160,6,0,0,3,3,0,12
161,8,2,2,3,3,2,20
162,7,0,3,3,3,0,16
163,8,2,2,3,3,2,20
164,6,1,2,2,3,0,14
165,8,2,3,2,3,2,20
166,6,1,2,2,3,0,14
167,7,2,0,2,3,2,16
168,7,0,0,3,3,3,16
169,8,2,2,3,3,2,20
170,8,0,3,3,3,3,20
171,8,2,2,3,3,2,20
172,7,1,2,2,3,3,18
173,8,2,3,2,3,2,20
174,7,1,2,2,3,3,18
175,7,2,0,2,3,2,16
176,8,0,0,3,3,0,14
177,8,2,2,3,3,2,20
178,7,0,3,3,3,0,16
179,6,2,2,3,3,2,18
180,8,1,2,2,3,0,16
181,8,2,3,2,3,2,20
182,6,1,2,2,3,0,14
183,5,2,0,2,3,2,14
184,7,0,0,3,3,3,16
185,6,2,2,3,3,2,18
186,6,0,3,3,3,3,18
187,4,2,2,3,3,2,16
188,7,1,2,2,3,3,18
189,6,2,3,2,3,2,18
190,5,1,2,2,3,3,16
191,3,2,0,2,3,2,12
192,3,1,0,0,2,2,8
193,5,2,2,0,2,3,14
194,6,1,3,0,2,2,14
195,7,2,2,0,2,3,16
196,4,2,2,2,2,2,14
197,6,2,3,2,2,3,18
198,6,2,2,2,2,2,16
199,7,2,0,2,2,3,16
200,3,1,0,0,2,2,8
201,4,2,2,0,2,0,10
202,6,1,3,0,2,2,14
203,6,2,2,0,2,0,12
204,4,2,2,2,2,2,14
205,5,2,3,2,2,0,14
206,6,2,2,2,2,2,16
207,6,2,0,2,2,0,12
208,7,1,0,0,2,2,12
209,7,2,2,0,2,3,16
210,8,1,3,0,2,2,16
211,7,2,2,0,2,3,16
212,8,2,2,2,2,2,18
213,8,2,3,2,2,3,20
214,8,2,2,2,2,2,18
215,7,2,0,2,2,3,16
216,5,1,0,0,2,2,10
217,4,2,2,0,2,0,10
218,6,1,3,0,2,2,14
219,4,2,2,0,2,0,10
220,6,2,2,2,2,2,16
221,5,2,3,2,2,0,14
222,6,2,2,2,2,2,16
223,4,2,0,2,2,0,10
224,6,1,0,3,2,2,14
225,8,2,2,3,2,3,20
226,7,1,3,3,2,2,18
227,8,2,2,3,2,3,20
228,6,2,2,2,2,2,16
229,8,2,3,2,2,3,20
230,6,2,2,2,2,2,16
231,7,2,0,2,2,3,16
232,6,1,0,3,2,2,14
233,7,2,2,3,2,0,16
234,7,1,3,3,2,2,18
235,7,2,2,3,2,0,16
236,6,2,2,2,2,2,16
237,7,2,3,2,2,0,16
238,6,2,2,2,2,2,16
239,6,2,0,2,2,0,12
240,8,1,0,3,2,2,16
241,8,2,2,3,2,3,20
242,7,1,3,3,2,2,18
243,6,2,2,3,2,3,18
244,8,2,2,2,2,2,18
245,8,2,3,2,2,3,20
246,6,2,2,2,2,2,16
247,5,2,0,2,2,3,14
248,6,1,0,3,2,2,14
249,5,2,2,3,2,0,14
250,5,1,3,3,2,2,16
251,3,2,2,3,2,0,12
252,6,2,2,2,2,2,16
253,5,2,3,2,2,0,14
254,4,2,2,2,2,2,14
255,2,2,0,2,2,0,8
256,2,2,0,2,2,0,8
257,4,2,2,2,2,2,14
258,5,2,3,2,2,0,14
259,6,2,2,2,2,2,16
260,3,2,2,3,2,0,12
261,5,1,3,3,2,2,16
262,5,2,2,3,2,0,14
263,6,1,0,3,2,2,14
264,5,2,0,2,2,3,14
265,6,2,2,2,2,2,16
266,8,2,3,2,2,3,20
267,8,2,2,2,2,2,18
268,6,2,2,3,2,3,18
269,7,1,3,3,2,2,18
270,8,2,2,3,2,3,20
271,8,1,0,3,2,2,16
272,6,2,0,2,2,0,12
273,6,2,2,2,2,2,16
274,7,2,3,2,2,0,16
275,6,2,2,2,2,2,16
276,7,2,2,3,2,0,16
277,7,1,3,3,2,2,18
278,7,2,2,3,2,0,16
279,6,1,0,3,2,2,14
280,7,2,0,2,2,3,16
281,6,2,2,2,2,2,16
282,8,2,3,2,2,3,20
283,6,2,2,2,2,2,16
284,8,2,2,3,2,3,20
285,7,1,3,3,2,2,18
286,8,2,2,3,2,3,20
287,6,1,0,3,2,2,14
288,4,2,0,2,2,0,10
289,6,2,2,2,2,2,16
290,5,2,3,2,2,0,14
291,6,2,2,2,2,2,16
292,4,2,2,0,2,0,10
293,6,1,3,0,2,2,14
294,4,2,2,0,2,0,10
295,5,1,0,0,2,2,10
296,7,2,0,2,2,3,16
297,8,2,2,2,2,2,18
298,8,2,3,2,2,3,20
299,8,2,2,2,2,2,18
300,7,2,2,0,2,3,16
301,8,1,3,0,2,2,16
302,7,2,2,0,2,3,16
303,7,1,0,0,2,2,12
304,6,2,0,2,2,0,12
305,6,2,2,2,2,2,16
306,5,2,3,2,2,0,14
307,4,2,2,2,2,2,14
308,6,2,2,0,2,0,12
309,6,1,3,0,2,2,14
310,4,2,2,0,2,0,10
311,3,1,0,0,2,2,8
312,7,2,0,2,2,3,16
313,6,2,2,2,2,2,16
314,6,2,3,2,2,3,18
315,4,2,2,2,2,2,14
316,7,2,2,0,2,3,16
317,6,1,3,0,2,2,14
318,5,2,2,0,2,3,14
319,3,1,0,0,2,2,8
320,3,2,0,2,3,2,12
321,5,1,2,2,3,3,16
322,6,2,3,2,3,2,18
323,7,1,2,2,3,3,18
324,4,2,2,3,3,2,16
325,6,0,3,3,3,3,18
326,6,2,2,3,3,2,18
327,7,0,0,3,3,3,16
328,5,2,0,2,3,2,14
329,6,1,2,2,3,0,14
330,8,2,3,2,3,2,20
331,8,1,2,2,3,0,16
332,6,2,2,3,3,2,18
333,7,0,3,3,3,0,16
334,8,2,2,3,3,2,20
335,8,0,0,3,3,0,14
336,7,2,0,2,3,2,16
337,7,1,2,2,3,3,18
338,8,2,3,2,3,2,20
339,7,1,2,2,3,3,18
340,8,2,2,3,3,2,20
341,8,0,3,3,3,3,20
342,8,2,2,3,3,2,20
343,7,0,0,3,3,3,16
344,7,2,0,2,3,2,16
345,6,1,2,2,3,0,14
346,8,2,3,2,3,2,20
347,6,1,2,2,3,0,14
348,8,2,2,3,3,2,20
349,7,0,3,3,3,0,16
350,8,2,2,3,3,2,20
351,6,0,0,3,3,0,12
352,5,2,0,2,3,2,14
353,7,1,2,2,3,3,18
354,6,2,3,2,3,2,18
355,7,1,2,2,3,3,18
356,5,2,2,0,3,2,14
357,7,0,3,0,3,3,16
358,5,2,2,0,3,2,14
359,6,0,0,0,3,3,12
360,7,2,0,2,3,2,16
361,8,1,2,2,3,0,16
362,8,2,3,2,3,2,20
363,8,1,2,2,3,0,16
364,7,2,2,0,3,2,16
365,8,0,3,0,3,0,14
366,7,2,2,0,3,2,16
367,7,0,0,0,3,0,10
368,7,2,0,2,3,2,16
369,7,1,2,2,3,3,18
370,6,2,3,2,3,2,18
371,5,1,2,2,3,3,16
372,7,2,2,0,3,2,16
373,7,0,3,0,3,3,16
374,5,2,2,0,3,2,14
375,4,0,0,0,3,3,10
376,7,2,0,2,3,2,16
377,6,1,2,2,3,0,14
378,6,2,3,2,3,2,18
379,4,1,2,2,3,0,12
380,7,2,2,0,3,2,16
381,6,0,3,0,3,0,12
382,5,2,2,0,3,2,14
383,3,0,0,0,3,0,6
384,4,2,0,2,2,0,10
385,6,2,2,2,2,2,16
386,7,2,3,2,2,0,16
387,8,2,2,2,2,2,18
388,5,2,2,3,2,0,14
389,7,1,3,3,2,2,18
390,7,2,2,3,2,0,16
391,8,1,0,3,2,2,16
392,5,2,0,2,2,3,14
393,6,2,2,2,2,2,16
394,8,2,3,2,2,3,20
395,8,2,2,2,2,2,18
396,6,2,2,3,2,3,18
397,7,1,3,3,2,2,18
398,8,2,2,3,2,3,20
399,8,1,0,3,2,2,16
400,6,2,0,2,2,0,12
401,6,2,2,2,2,2,16
402,7,2,3,2,2,0,16
403,6,2,2,2,2,2,16
404,7,2,2,3,2,0,16
405,7,1,3,3,2,2,18
406,7,2,2,3,2,0,16
407,6,1,0,3,2,2,14
408,5,2,0,2,2,3,14
409,4,2,2,2,2,2,14
410,6,2,3,2,2,3,18
411,4,2,2,2,2,2,14
412,6,2,2,3,2,3,18
413,5,1,3,3,2,2,16
414,6,2,2,3,2,3,18
415,4,1,0,3,2,2,12
416,6,2,0,2,2,0,12
417,8,2,2,2,2,2,18
418,7,2,3,2,2,0,16
419,8,2,2,2,2,2,18
420,6,2,2,0,2,0,12
421,8,1,3,0,2,2,16
422,6,2,2,0,2,0,12
423,7,1,0,0,2,2,12
424,7,2,0,2,2,3,16
425,8,2,2,2,2,2,18
426,8,2,3,2,2,3,20
427,8,2,2,2,2,2,18
428,7,2,2,0,2,3,16
429,8,1,3,0,2,2,16
430,7,2,2,0,2,3,16
431,7,1,0,0,2,2,12
432,6,2,0,2,2,0,12
433,6,2,2,2,2,2,16
434,5,2,3,2,2,0,14
435,4,2,2,2,2,2,14
436,6,2,2,0,2,0,12
437,6,1,3,0,2,2,14
438,4,2,2,0,2,0,10
439,3,1,0,0,2,2,8
440,5,2,0,2,2,3,14
441,4,2,2,2,2,2,14
442,4,2,3,2,2,3,16
443,2,2,2,2,2,2,12
444,5,2,2,0,2,3,14
445,4,1,3,0,2,2,12
446,3,2,2,0,2,3,12
447,1,1,0,0,2,2,6
448,4,2,0,2,0,2,10
449,6,1,2,2,0,3,14
450,7,2,3,2,0,2,16
451,8,1,2,2,0,3,16
452,5,2,2,3,0,2,14
453,7,0,3,3,0,3,16
454,7,2,2,3,0,2,16
455,8,0,0,3,0,3,14
456,4,2,0,2,0,2,10
457,5,1,2,2,0,0,10
458,7,2,3,2,0,2,16
459,7,1,2,2,0,0,12
460,5,2,2,3,0,2,14
461,6,0,3,3,0,0,12
462,7,2,2,3,0,2,16
463,7,0,0,3,0,0,10
464,6,2,0,2,0,2,12
465,6,1,2,2,0,3,14
466,7,2,3,2,0,2,16
467,6,1,2,2,0,3,14
468,7,2,2,3,0,2,16
469,7,0,3,3,0,3,16
470,7,2,2,3,0,2,16
471,6,0,0,3,0,3,12
472,4,2,0,2,0,2,10
473,3,1,2,2,0,0,8
474,5,2,3,2,0,2,14
475,3,1,2,2,0,0,8
476,5,2,2,3,0,2,14
477,4,0,3,3,0,0,10
478,5,2,2,3,0,2,14
479,3,0,0,3,0,0,6
480,6,2,0,2,0,2,12
481,8,1,2,2,0,3,16
482,7,2,3,2,0,2,16
483,8,1,2,2,0,3,16
484,6,2,2,0,0,2,12
485,8,0,3,0,0,3,14
486,6,2,2,0,0,2,12
487,7,0,0,0,0,3,10
488,6,2,0,2,0,2,12
489,7,1,2,2,0,0,12
490,7,2,3,2,0,2,16
491,7,1,2,2,0,0,12
492,6,2,2,0,0,2,12
493,7,0,3,0,0,0,10
494,6,2,2,0,0,2,12
495,6,0,0,0,0,0,6
496,6,2,0,2,0,2,12
497,6,1,2,2,0,3,14
498,5,2,3,2,0,2,14
499,4,1,2,2,0,3,12
500,6,2,2,0,0,2,12
501,6,0,3,0,0,3,12
502,4,2,2,0,0,2,10
503,3,0,0,0,0,3,6
504,4,2,0,2,0,2,10
505,3,1,2,2,0,0,8
506,3,2,3,2,0,2,12
507,1,1,2,2,0,0,6
508,4,2,2,0,0,2,10
509,3,0,3,0,0,0,6
510,2,2,2,0,0,2,8
511,0,0,0,0,0,0,0
